{
    "name": "flowup",
    "title": "Content flows up as you scroll down.",
    "description": "A similar effect to the one on the Google+ android app, the content flows up as you scroll down. A similar effect can also be seen on some well-done infinite scroll. This creates that effect without using infinite scroll.",
    "keywords": [
        "scroll",
        "subtle",
        "flow",
        "fly-in",
        "slide-in",
        "slide-up",
        "slide"
    ],
    "version": "1.0.1",
    "author": {
        "name": "Dominik Gorecki",
        "email": "d@dominikgorecki.com",
        "url": "http://www.dominikgorecki.com"
    },
    "maintainers": [
        {
          "name": "Dominik Gorecki",
          "email": "d@dominikgorecki.com",
          "url": "http://www.dominikgorecki.com"
        }
    ],
    "licenses": [
        {
            "type": "MIT",
            "url": "http://opensource.org/licenses/MIT"
        }
    ],
    "homepage": "http://www.dominikgorecki.com/download/flow-up/",
    "docs": "http://www.dominikgorecki.com/download/flow-up/",
    "dependencies": {
        "jquery": ">=1.5"
    }
}
